{"cameraMode":{"drawMode":0,"name":"Shaded","section":"Shading Mode"},"sceneLighting":true,"audioPlay":false,"sceneViewState":{"m_AlwaysRefresh":false,"showFog":true,"showSkybox":true,"showFlares":true,"showImageEffects":true,"showParticleSystems":true,"showVisualEffectGraphs":true,"m_FxEnabled":true},"in2DMode":false,"pivot":{"x":-0.30702048540115359,"y":0.27630937099456789,"z":0.21440058946609498},"rotation":{"x":-0.15653081238269807,"y":0.8394815325737,"z":-0.3206022083759308,"w":-0.4098733365535736},"size":0.8698446154594421,"orthographic":false}